﻿배우명,영화명,관객수
송강호,괴물,10917
송강호,살인의추억,5255
송강호,변호인,11373
송강호,설국열차,8914
송강호,관상,9134
송강호,사도,6245
이병헌,그해여름,336
이병헌,공동경비구역 JSA,2513
유아인,사도,6245
유아인,베테랑,13413
유아인,우아한 거짓말,1619
오달수,베테랑,13413
오달수,암살,12704
오달수,조선명탐정,3872
오달수,국제시장,14261
오달수,해적,8666
오달수,변호인,11374
오달수,7번방의선물,12811
오달수,파파로티,1716
이정재,암살,12704
이정재,관상,9134
이정재,신세계,4682
이정재,도둑들,12983
이정재,하녀,2304
